{"train": {"CC=C": 1.3200000524520874, "C1CNC1": -5.559999942779541, "CN(C)C": -3.200000047683716, "CN": -4.550000190734863, "C(=C(Cl)Cl)Cl": -0.4399999976158142, "C(C(CO)O)O": -13.430000305175781, "C(CCl)CCl": -1.8899999856948853, "C(C(Cl)Cl)Cl": -1.9900000095367432, "C(Cl)(Cl)Cl": -1.0800000429153442, "CC(Cl)Cl": -0.8399999737739563, "C[N+](=O)[O-]": -4.019999980926514, "CC#C": -0.47999998927116394, "COCCN": -6.550000190734863, "CCC": 2.0, "CCCN": -4.389999866485596, "CC(C)[N+](=O)[O-]": -3.130000114440918, "CC(Cl)(Cl)Cl": -0.1899999976158142, "C=CCO": -5.03000020980835, "CC#N": -3.880000114440918, "CC(C)Cl": -0.25, "CCC[N+](=O)[O-]": -3.3399999141693115, "CCCO": -4.849999904632568, "COCOC": -2.930000066757202, "C=CCCl": -0.5699999928474426, "CCCl": -0.6299999952316284, "CC=O": -3.5, "N": -4.289999961853027, "CCl": -0.550000011920929, "COCCO": -6.619999885559082, "CCC(=O)N": -9.399999618530273, "CC[N+](=O)[O-]": -3.7100000381469727, "C": 2.0, "C1CC1": 0.75, "C(=C\\Cl)\\Cl": -1.1699999570846558, "C=C": 1.2799999713897705, "c1cnc[nH]1": -9.630000114440918, "CC(=O)N": -9.710000038146973, "CC": 1.8300000429153442, "COC": -1.909999966621399, "C(CCl)Cl": -1.7899999618530273, "CC(=O)OC": -3.130000114440918, "CC(=O)O": -6.690000057220459, "CN(C)C=O": -7.809999942779541, "CCC#N": -3.8399999141693115, "COC=O": -2.7799999713897705, "c1(=O)[nH]c(=O)[nH]c(=O)[nH]1": -18.059999465942383, "CCCCl": -0.33000001311302185, "CCO": -5.0, "CNC": -4.289999961853027, "C=C(Cl)Cl": 0.25, "COC(=O)CCl": -4.0, "CC(=O)C": -3.799999952316284, "C(Cl)Cl": -1.309999942779541, "CCC(=O)O": -6.460000038146973}, "test": {"NN": -9.300000190734863, "C[C@@H](CCl)Cl": -1.2699999809265137, "CCN": -4.5, "C=CCl": -0.5899999737739563, "CC(=O)NC": -10.0, "CCC=O": -3.430000066757202, "C(CO)O": -9.300000190734863, "C([N+](=O)[O-])(Cl)(Cl)Cl": -1.4500000476837158, "CO": -5.099999904632568, "C(=C/Cl)\\Cl": -0.7799999713897705, "CCOC=O": -2.559999942779541, "CCOC": -2.0999999046325684, "CC(C)O": -4.739999771118164}}