{"CS(=O)(=O)Cl": -4.869999885559082, "C(Br)Br": -1.9600000381469727, "CCC=O": -3.430000066757202, "CN(C)C=O": -7.809999942779541, "CC(=O)NC": -10.0, "C1CNC1": -5.559999942779541, "NN": -9.300000190734863, "N": -4.289999961853027, "CC(F)F": -0.10999999940395355, "CN(C)C": -3.200000047683716, "CCN": -4.5, "CC(Cl)Cl": -0.8399999737739563, "CCl": -0.550000011920929, "c1cnc[nH]1": -9.630000114440918, "C(I)I": -2.490000009536743, "C[N+](=O)[O-]": -4.019999980926514, "CCOC": -2.0999999046325684, "CCCCl": -0.33000001311302185, "CC#N": -3.880000114440918, "CC(=O)OC": -3.130000114440918, "CCCS": -1.100000023841858, "CNC": -4.289999961853027, "CI": -0.8899999856948853, "C(=C/Cl)\\Cl": -0.7799999713897705, "C1CC1": 0.75, "C=C(Cl)Cl": 0.25, "C(CO)O": -9.300000190734863, "COC(=O)CCl": -4.0, "C(=C(Cl)Cl)Cl": -0.4399999976158142, "c1(=O)[nH]c(=O)[nH]c(=O)[nH]1": -18.059999465942383, "C=CCCl": -0.5699999928474426, "C=O": -2.75, "C(C(Cl)Cl)Cl": -1.9900000095367432, "S": -0.699999988079071, "CCBr": -0.7400000095367432, "C(Br)(Br)Br": -2.130000114440918, "C(F)(F)(F)Br": 1.7899999618530273, "COC(=O)C(F)(F)F": -1.100000023841858, "COS(=O)(=O)C": -4.869999885559082, "CCC": 2.0, "C(Cl)Cl": -1.309999942779541, "C([N+](=O)[O-])(Cl)(Cl)Cl": -1.4500000476837158, "C(C(F)(Cl)Cl)(F)(F)Cl": 1.7699999809265137, "C(C(F)(F)F)Cl": 0.05999999865889549, "C=C": 1.2799999713897705, "CC=C": 1.3200000524520874, "C(F)(F)Cl": -0.5, "CC#C": -0.47999998927116394, "CCC(=O)O": -6.460000038146973, "C(Cl)(Cl)Cl": -1.0800000429153442, "C": 2.0, "C(CCl)Cl": -1.7899999618530273, "COC(C(Cl)Cl)(F)F": -1.1200000047683716, "COCOC": -2.930000066757202, "C(CBr)Cl": -1.9500000476837158, "CCI": -0.7400000095367432, "CC(C)Br": -0.47999998927116394, "CS(=O)(=O)C": -10.079999923706055, "CC": 1.8300000429153442, "C(F)Cl": -0.7699999809265137, "CC[N+](=O)[O-]": -3.7100000381469727, "CBr": -0.8199999928474426, "CO": -5.099999904632568, "CF": -0.2199999988079071, "CS(=O)C": -9.279999732971191, "CC(=O)N": -9.710000038146973, "CSC": -1.6100000143051147, "C=CCl": -0.5899999737739563, "CCC[N+](=O)[O-]": -3.3399999141693115, "CCO": -5.0, "CCOC=O": -2.559999942779541, "CSSC": -1.8300000429153442, "COC": -1.909999966621399, "C(CBr)Br": -2.3299999237060547, "CCS": -1.1399999856948853, "CC(=O)O": -6.690000057220459, "CC=O": -3.5, "CCC#N": -3.8399999141693115, "CCC(=O)N": -9.399999618530273, "CCCBr": -0.5600000023841858, "CC(C)Cl": -0.25, "C(CCl)CCl": -1.8899999856948853, "C[C@@H](CCl)Cl": -1.2699999809265137, "CC(=O)C": -3.799999952316284, "[C@@H](C(F)(F)F)(Cl)Br": -0.10999999940395355, "CS": -1.2000000476837158, "C=CCO": -5.03000020980835, "CCSC": -1.5, "CCCl": -0.6299999952316284, "CC(C)[N+](=O)[O-]": -3.130000114440918, "C(C(CO)O)O": -13.430000305175781, "CCCI": -0.5299999713897705, "COCCN": -6.550000190734863, "COCCO": -6.619999885559082, "COC=O": -2.7799999713897705, "C[C@@H](C(F)(F)F)O": -4.159999847412109, "CC(C)O": -4.739999771118164, "CC(Cl)(Cl)Cl": -0.1899999976158142, "CN": -4.550000190734863, "C(=C\\Cl)\\Cl": -1.1699999570846558, "C(C(F)(F)F)O": -4.309999942779541, "CCCO": -4.849999904632568, "CC(C)I": -0.46000000834465027, "C[C@H](C(F)(F)F)O": -4.199999809265137, "CCCN": -4.389999866485596}